Date,Open,High,Low,Close,Adj Close,Volume
2016/10/26,25.25,25.290001,24.17,24.17,22.714794,185200
2016/10/27,24.34,24.34,23.860001,24.02,22.573826,136000
2016/10/28,23.870001,24.25,23.43,23.57,22.150917,131400
2016/10/31,23.6,23.77,23.440001,23.639999,22.216707,118700
2016/11/1,23.67,23.84,23.360001,23.440001,22.028749,144900
2016/11/2,23.440001,23.860001,23.42,23.49,22.075739,123700
2016/11/3,23.48,23.860001,23.379999,23.41,22.000557,82600
2016/11/4,23.57,23.639999,23.42,23.48,22.066336,98500
2016/11/7,23.719999,24.09,23.58,23.719999,22.291887,101700
2016/11/8,23.84,24.41,23.73,24.26,22.799381,190800
2016/11/9,23.950001,24.9,23.59,24.889999,23.439758,170200
2016/11/10,25,25.459999,24.25,24.379999,22.959473,176500
2016/11/11,24.389999,25.809999,24.389999,25.540001,24.051884,242600
2016/11/14,25.91,25.98,25.379999,25.4,23.920044,148400
2016/11/15,25.450001,25.59,25.200001,25.42,23.938877,91300
2016/11/16,25.77,25.91,25.379999,25.809999,24.306154,180300
2016/11/17,25.85,26.24,25.73,26.110001,24.588676,285600
2016/11/18,26.16,26.440001,25.969999,26.42,24.88061,71500
2016/11/21,26.5,26.6,26.370001,26.5,24.955952,48400
2016/11/22,26.57,26.790001,26.5,26.73,25.172548,52900
2016/11/23,26.75,27.1,26.6,27.02,25.44565,146300
2016/11/25,27,27.129999,26.91,26.99,25.417398,48800
2016/11/28,26.93,27.620001,26.870001,27.49,25.888269,126100
2016/11/29,27.6,27.780001,27.290001,27.370001,25.775261,60200
2016/11/30,27.23,27.629999,27.01,27.139999,25.558659,89700
2016/12/1,27.139999,27.549999,27.1,27.290001,25.699921,111400
2016/12/2,27.27,27.57,26.950001,27.5,25.897684,60200
2016/12/5,27.709999,27.950001,27.6,27.790001,26.17079,83900
2016/12/6,27.780001,28.190001,27.65,28.18,26.538067,189100
2016/12/7,28.15,28.84,28.120001,28.59,26.924173,116400
2016/12/8,28.59,28.809999,28.370001,28.780001,27.103102,79400
2016/12/9,28.860001,28.860001,28.6,28.780001,27.103102,95300
2016/12/12,28.65,28.84,28.549999,28.799999,27.121943,140600
2016/12/13,28.799999,28.860001,28.540001,28.66,26.990091,95200
2016/12/14,28.620001,28.83,28.33,28.530001,26.867668,108800
2016/12/15,28.469999,28.809999,28.290001,28.620001,26.952425,110800
2016/12/16,28.75,28.98,28.74,28.860001,27.17844,336300
2016/12/19,29,29.059999,28.559999,28.73,27.056015,80900
2016/12/20,28.879999,29.059999,28.620001,28.91,27.225529,79700
2016/12/21,28.9,29.09,28.84,28.84,27.159607,50600
2016/12/22,28.719999,28.85,28.459999,28.77,27.093687,54800
2016/12/23,28.82,29.040001,28.58,28.690001,27.018345,28700
2016/12/27,28.620001,29.110001,28.620001,28.93,27.244364,82600
2016/12/28,28.870001,29.1,28.65,28.719999,27.046602,30700
2016/12/29,28.700001,28.959999,28.65,28.77,27.093687,44300
2016/12/30,28.719999,28.83,28.459999,28.639999,26.97126,56000
2017/1/3,28.860001,28.860001,28.25,28.530001,26.867668,107900
2017/1/4,28.66,28.879999,28.26,28.5,26.839417,130100
2017/1/5,28.450001,28.76,28,28.280001,26.632236,93400
2017/1/6,28.32,28.67,28.059999,28.17,26.528646,129900
2017/1/9,28.040001,28.24,27.52,27.52,25.916517,79300
2017/1/10,27.440001,27.65,27.32,27.51,25.907101,109600
2017/1/11,27.540001,27.75,27.059999,27.67,26.057779,68300
2017/1/12,27.709999,27.709999,27.139999,27.25,25.662251,63800
2017/1/13,27.18,27.440001,27.030001,27.379999,25.784672,176700
2017/1/17,27.33,27.459999,27.059999,27.290001,25.699921,60900
2017/1/18,27.299999,27.370001,27.040001,27.27,25.681086,62100
2017/1/19,27.200001,27.5,26.93,26.959999,25.389145,62700
2017/1/20,26.93,27.129999,26.93,26.99,25.417398,61900
2017/1/23,26.9,26.959999,26.48,26.6,25.050119,71600
2017/1/24,26.76,27.030001,26.559999,26.889999,25.323221,51700
2017/1/25,26.969999,27.09,26.809999,26.85,25.285557,29000
2017/1/26,26.870001,27.01,26.620001,26.620001,25.06896,65100
2017/1/27,26.6,26.719999,26.459999,26.52,24.974783,64800
2017/1/30,26.51,26.51,26.18,26.23,24.701679,121600
2017/1/31,26.25,26.25,25.93,25.950001,24.437996,221900
2017/2/1,26.110001,26.43,25.85,26.07,24.551004,160600
2017/2/2,26,26.110001,25.549999,26.01,24.494501,93800
2017/2/3,26.18,26.5,26.040001,26.469999,24.927694,53300
2017/2/6,26.15,26.639999,26.15,26.610001,25.05954,97900
2017/2/7,26.65,26.889999,26.360001,26.469999,24.927694,44200
2017/2/8,26.360001,26.51,26.15,26.4,24.861774,53200
2017/2/9,26.41,26.629999,26.290001,26.360001,24.871216,48600
2017/2/10,26.540001,26.790001,26.360001,26.6,25.097656,43900
2017/2/13,26.799999,26.950001,26.26,26.6,25.097656,87200
2017/2/14,26.65,28.280001,26.65,27.5,25.946825,334900
2017/2/15,27.4,27.82,27.26,27.67,26.107227,161000
2017/2/16,26.360001,27.98,26.360001,26.82,25.305233,401400
2017/2/17,26.6,26.799999,26.5,26.52,25.022175,68800
2017/2/21,26.65,27.299999,26.65,27.26,25.720383,79000
2017/2/22,27.15,27.41,26.83,26.99,25.465626,27200
2017/2/23,27.129999,27.200001,26.639999,26.76,25.248621,43400
2017/2/24,26.540001,26.790001,26.540001,26.549999,25.050482,70200
2017/2/27,26.52,26.59,26.299999,26.41,24.918385,134900
2017/2/28,26.42,26.42,25.57,25.77,24.314537,124000
2017/3/1,26.01,26.379999,25.860001,25.9,24.437193,55900
2017/3/2,25.83,25.92,25.66,25.77,24.314537,41800
2017/3/3,25.780001,26.07,25.459999,25.780001,24.323973,70400
2017/3/6,25.68,25.889999,25.440001,25.83,24.371143,42600
2017/3/7,25.700001,25.879999,25.549999,25.84,24.380581,45600
2017/3/8,25.99,26.1,25.77,26.01,24.540983,63400
2017/3/9,26.17,27.120001,26.07,26.32,24.833471,98900
2017/3/10,26.700001,26.92,26.4,26.49,24.993868,86500
2017/3/13,26.469999,26.620001,26.02,26.559999,25.059914,43300
2017/3/14,26.370001,26.5,26.18,26.309999,24.824036,77400
2017/3/15,26.370001,26.67,26.360001,26.620001,25.116529,53300
2017/3/16,26.49,26.66,26.459999,26.629999,25.125959,44500
2017/3/17,26.700001,27.15,26.629999,27.059999,25.531675,92700
2017/3/20,27.16,27.190001,26.860001,27.049999,25.522242,38300
2017/3/21,27.110001,27.26,26.469999,26.540001,25.041044,90200
2017/3/22,26.48,26.74,26.41,26.6,25.097656,64700
2017/3/23,26.6,27.440001,26.6,27.059999,25.531675,144800
2017/3/24,27.09,27.33,26.74,26.82,25.305233,117200
2017/3/27,26.709999,26.75,26.379999,26.6,25.097656,78400
2017/3/28,26.450001,26.959999,26.280001,26.93,25.409019,45300
2017/3/29,26.9,27.200001,26.73,27.08,25.550547,77300
2017/3/30,27.08,27.299999,26.85,27.040001,25.512808,79200
2017/3/31,27,27.219999,26.950001,27.120001,25.588287,109400
2017/4/3,27.040001,27.129999,26.719999,26.76,25.248621,69300
2017/4/4,26.82,26.82,26.290001,26.41,24.918385,74200
2017/4/5,26.49,26.610001,26.26,26.32,24.833471,77700
2017/4/6,26.280001,26.48,26.08,26.32,24.833471,125800
2017/4/7,26.219999,27.1,26.059999,26.860001,25.34297,164700
2017/4/10,26.959999,27.450001,26.959999,27.09,25.559984,78300
2017/4/11,27.030001,27.74,27.02,27.74,26.173271,142400
2017/4/12,27.700001,27.74,27.290001,27.299999,25.758121,105400
2017/4/13,27.15,27.370001,27,27.059999,25.531675,52300
2017/4/17,27.01,27.51,27.01,27.49,25.937391,56500
2017/4/18,27.41,27.42,27.08,27.42,25.87134,41400
2017/4/19,27.5,27.6,27.27,27.41,25.861904,43600
2017/4/20,27.469999,27.610001,27.33,27.58,26.022306,93200
2017/4/21,27.57,27.709999,27.469999,27.639999,26.078917,69600
2017/4/24,27.76,28.17,27.639999,28.15,26.560112,219800
2017/4/25,28.459999,28.82,28.299999,28.58,26.965834,66400
2017/4/26,28.57,28.959999,28.32,28.82,27.19227,154100
2017/4/27,28.120001,28.389999,27.01,27.16,25.626026,227700
2017/4/28,27.27,27.75,27.24,27.35,25.805298,97100
2017/5/1,27.33,27.559999,27.18,27.32,25.776993,39600
2017/5/2,27.469999,28.07,27.41,27.58,26.022306,63900
2017/5/3,27.59,27.59,27.139999,27.26,25.720383,113400
2017/5/4,27.290001,27.32,26.969999,27.24,25.701511,73500
2017/5/5,27.469999,27.469999,26.92,27.25,25.710943,93200
2017/5/8,27.24,27.26,26.860001,26.98,25.456196,52900
2017/5/9,27.1,27.4,26.99,27.26,25.720383,73300
2017/5/10,27.17,27.59,27.120001,27.26,25.720383,70300
2017/5/11,27.07,27.16,26.629999,26.969999,25.493519,54300
2017/5/12,26.85,27.02,26.690001,26.709999,25.247751,56000
2017/5/15,26.799999,27.139999,26.469999,26.49,25.039793,107700
2017/5/16,26.450001,26.530001,25.98,26.17,24.737318,128300
2017/5/17,25.860001,26,25.41,25.559999,24.160709,107200
2017/5/18,25.620001,25.82,25.27,25.610001,24.207973,135800
2017/5/19,25.66,26.42,25.530001,26.08,24.652245,112500
2017/5/22,26.1,26.26,25.889999,26.139999,24.708958,72700
2017/5/23,26.25,26.25,25.98,26.129999,24.699505,51000
2017/5/24,26.129999,26.209999,25.91,26.110001,24.680599,41000
2017/5/25,26.26,26.280001,26,26.09,24.661694,50200
2017/5/26,26.1,26.360001,25.780001,26.219999,24.78458,81100
2017/5/30,26.290001,26.440001,25.92,26.32,24.879107,150900
2017/5/31,26.43,26.49,25.93,26.290001,24.850744,94600
2017/6/1,26.48,26.65,26.24,26.629999,25.172129,64500
2017/6/2,26.629999,27.379999,26.629999,26.91,25.436806,81100
2017/6/5,26.9,26.93,26.59,26.73,25.266659,54200
2017/6/6,26.67,26.68,26.440001,26.530001,25.077606,73000
2017/6/7,26.43,26.43,26.1,26.23,24.794031,52800
2017/6/8,26.360001,26.559999,26.139999,26.41,24.964176,63400
2017/6/9,26.35,26.690001,26.35,26.559999,25.105965,83300
2017/6/12,26.530001,26.84,26.530001,26.74,25.276108,109500
2017/6/13,26.780001,27.040001,26.65,26.889999,25.417898,126600
2017/6/14,26.879999,27.09,26.74,26.889999,25.417898,111100
2017/6/15,26.68,27.120001,26.68,27,25.521873,88600
2017/6/16,26.77,27.01,26.77,26.92,25.446253,104400
2017/6/19,26.99,27.139999,26.799999,26.879999,25.408443,83100
2017/6/20,26.799999,27.16,26.610001,26.76,25.295019,58200
2017/6/21,26.780001,26.84,26.49,26.559999,25.105965,81900
2017/6/22,26.59,26.709999,26.42,26.549999,25.096516,29700
2017/6/23,26.639999,26.709999,26.4,26.629999,25.172129,185600
2017/6/26,26.639999,26.93,26.610001,26.82,25.351732,124800
2017/6/27,26.67,26.959999,26.67,26.790001,25.323376,40900
2017/6/28,26.879999,26.969999,26.76,26.85,25.380087,30400
2017/6/29,26.780001,26.99,26.690001,26.99,25.512423,53000
2017/6/30,27,27.08,26.76,26.959999,25.484066,55800
2017/7/3,27,27.26,27,27.219999,25.729832,26400
2017/7/5,27.209999,27.42,26.709999,26.98,25.502972,92500
2017/7/6,26.93,26.93,26.51,26.57,25.115417,85800
2017/7/7,26.59,26.93,26.59,26.879999,25.408443,82200
2017/7/10,26.870001,27.02,26.370001,26.43,24.983086,52600
2017/7/11,26.42,26.549999,26.200001,26.379999,24.93582,65000
2017/7/12,26.5,27.049999,26.4,26.530001,25.077606,68600
2017/7/13,26.530001,26.82,26.27,26.82,25.351732,70000
2017/7/14,26.809999,27.209999,26.450001,26.700001,25.238297,62100
2017/7/17,26.690001,27.049999,26.540001,26.690001,25.228846,107200
2017/7/18,26.68,26.879999,26.110001,26.23,24.794031,127300
2017/7/19,26.219999,26.51,26.209999,26.360001,24.916916,108000
2017/7/20,26.389999,26.450001,26.120001,26.35,24.907463,41200
2017/7/21,26.540001,26.610001,26.23,26.389999,24.945271,87600
2017/7/24,26.379999,26.59,26.200001,26.540001,25.087059,303700
2017/7/25,26.6,27.059999,26.469999,26.799999,25.332823,86800
2017/7/26,26.82,26.82,26.41,26.49,25.039793,68000
2017/7/27,25.6,26.08,24.07,24.23,22.903521,317900
2017/7/28,24.09,24.940001,23.59,24.91,23.546295,455900
2017/7/31,24.9,25.08,24.370001,24.389999,23.05476,172100
2017/8/1,24.540001,24.73,24.34,24.709999,23.357244,90500
2017/8/2,24.77,24.860001,24.57,24.83,23.470676,237100
2017/8/3,24.860001,24.969999,24.68,24.77,23.413958,61800
2017/8/4,24.76,24.889999,24.549999,24.620001,23.272175,72900
2017/8/7,24.610001,24.799999,24.16,24.24,22.91297,100900
2017/8/8,24.219999,24.84,24.1,24.32,22.988598,84400
2017/8/9,24.200001,24.549999,23.73,24.52,23.177652,78000
2017/8/10,24.389999,24.59,24.27,24.34,23.05451,44300
2017/8/11,24.84,24.91,24.190001,24.219999,22.940845,122500
2017/8/14,24.27,24.65,24.27,24.48,23.187113,52900
2017/8/15,24.51,24.51,24,24.07,22.798771,116200
2017/8/16,24.110001,24.59,24.110001,24.17,22.89349,54600
2017/8/17,24.09,24.4,23.9,23.92,22.656693,59400
2017/8/18,23.83,24.35,23.67,24.15,22.874546,60900
2017/8/21,24.139999,24.16,23.959999,24.110001,22.836658,43900
2017/8/22,24.360001,24.52,23.959999,24.309999,23.026093,55800
2017/8/23,24.129999,24.51,23.77,24.280001,22.997675,126800
2017/8/24,24.41,24.959999,24.219999,24.34,23.05451,131300
2017/8/25,24.26,24.799999,24.26,24.389999,23.101871,99500
2017/8/28,24.42,24.530001,24.08,24.299999,23.016617,99500
2017/8/29,24.24,24.52,24.190001,24.27,22.988209,108000
2017/8/30,24.27,24.4,23.91,24.219999,22.940845,141200
2017/8/31,24.27,24.540001,24.27,24.49,23.19659,223200
2017/9/1,24.51,24.58,24.290001,24.299999,23.016617,63300
2017/9/5,24.280001,24.5,24.049999,24.209999,22.931372,94300
2017/9/6,24.209999,24.32,23.9,23.959999,22.694578,83700
2017/9/7,24.02,24.059999,23.5,23.57,22.32518,177800
2017/9/8,23.549999,23.889999,23.15,23.309999,22.078907,208800
2017/9/11,23.370001,23.67,23.370001,23.5,22.258875,99500
2017/9/12,23.450001,24.110001,23.450001,23.91,22.647224,74100
2017/9/13,23.879999,24.27,23.879999,24.15,22.874546,125000
2017/9/14,24.129999,24.469999,23.780001,23.969999,22.704052,103100
2017/9/15,24,24.190001,23.799999,23.92,22.656693,316100
2017/9/18,23.950001,24.35,23.889999,24.200001,22.921906,121500
2017/9/19,24.15,24.379999,24.110001,24.17,22.89349,123300
2017/9/20,24.190001,24.74,24.040001,24.5,23.20606,156900
2017/9/21,24.530001,24.98,24.51,24.9,23.584936,187400
2017/9/22,24.860001,25.129999,24.860001,24.969999,23.651236,148400
2017/9/25,25,25.299999,24.959999,25.219999,23.888031,198300
2017/9/26,25.280001,25.51,25.190001,25.4,24.058527,87400
2017/9/27,25.540001,25.780001,25.219999,25.74,24.380569,111100
2017/9/28,25.719999,26.059999,25.530001,25.92,24.551064,106800
2017/9/29,25.879999,25.879999,25.530001,25.6,24.247965,60700
2017/10/2,25.620001,25.799999,25.549999,25.73,24.371098,70900
2017/10/3,25.84,25.93,25.549999,25.93,24.560535,72400
2017/10/4,26,26.16,25.870001,25.92,24.551064,80400
2017/10/5,25.92,26.08,25.809999,25.84,24.47529,154900
2017/10/6,25.790001,25.950001,25.469999,25.530001,24.181669,65100
2017/10/9,25.469999,25.540001,25.290001,25.370001,24.030113,47600
2017/10/10,25.549999,25.690001,25.4,25.620001,24.266905,54300
2017/10/11,25.709999,25.709999,25.33,25.4,24.058527,33100
2017/10/12,25.299999,25.52,25.27,25.4,24.058527,27600
2017/10/13,25.440001,25.49,25.280001,25.32,23.982752,52500
2017/10/16,25.299999,25.51,25.25,25.43,24.086946,56900
2017/10/17,25.48,25.48,24.99,25,23.679657,97900
2017/10/18,25.07,25.23,24.969999,24.99,23.670183,36500
2017/10/19,24.91,25.17,24.82,24.99,23.670183,77600
2017/10/20,25.09,25.15,24.700001,24.709999,23.404968,123300
2017/10/23,24.66,24.74,24.26,24.5,23.20606,126600
2017/10/24,24.549999,24.85,24.32,24.5,23.20606,219000
2017/10/25,24.33,24.530001,23.92,24.01,22.741943,149900
2017/10/26,23.6,25.91,23.6,25.9,24.532118,285400
2017/10/27,25.959999,25.959999,25.43,25.58,24.229019,97000
2017/10/30,25.610001,25.969999,25.219999,25.4,24.058527,99300
2017/10/31,25.459999,25.950001,25.389999,25.9,24.532118,71600
2017/11/1,26,26,25.370001,25.709999,24.352152,91600
2017/11/2,25.889999,26.059999,25.809999,25.940001,24.570009,77100
2017/11/3,25.940001,26,25.66,25.74,24.380569,48700
2017/11/6,25.620001,25.84,25.51,25.700001,24.342684,57600
2017/11/7,25.76,25.82,25.26,25.4,24.058527,92800
2017/11/8,25.299999,25.360001,25.059999,25.15,23.82173,62000
2017/11/9,25.030001,25.219999,24.940001,25.030001,23.708075,71000
2017/11/10,25.030001,25.1,24.879999,24.889999,23.646315,55100
2017/11/13,24.85,25.280001,24.540001,24.629999,23.399305,69200
2017/11/14,24.5,24.690001,24.459999,24.57,23.342306,52200
2017/11/15,24.459999,24.85,24.459999,24.629999,23.399305,120900
2017/11/16,24.459999,24.780001,24.459999,24.68,23.44681,133900
2017/11/17,24.559999,25.040001,24.549999,24.969999,23.722319,137100
2017/11/20,24.959999,25.059999,24.73,24.799999,23.560812,61500
2017/11/21,24.860001,25.09,24.549999,25.07,23.817324,95400
2017/11/22,25.18,25.200001,24.969999,25.01,23.760319,38800
2017/11/24,25.110001,25.110001,24.57,24.74,23.503813,35700
2017/11/27,24.74,25.059999,24.74,24.93,23.684317,68900
2017/11/28,25.030001,25.290001,24.879999,25.219999,23.959827,79100
2017/11/29,25.24,25.860001,24.809999,25.790001,24.501345,139900
2017/11/30,26.01,26.030001,25.48,25.620001,24.33984,105800
2017/12/1,25.709999,25.790001,25.290001,25.67,24.387341,87800
2017/12/4,25.889999,26.059999,25.709999,25.92,24.624849,66400
2017/12/5,25.92,26.190001,25.76,26.120001,24.814857,78700
2017/12/6,26.1,26.57,25.709999,26.49,25.166368,100400
2017/12/7,26.469999,26.67,26.219999,26.52,25.194872,82900
2017/12/8,26.530001,26.780001,26.34,26.629999,25.299372,535800
2017/12/11,26.639999,26.66,26.23,26.34,25.023863,80200
2017/12/12,26.360001,26.5,26.200001,26.33,25.014364,78500
2017/12/13,26.27,26.540001,26.15,26.299999,24.985865,70700
2017/12/14,26.290001,26.290001,25.83,25.84,24.548847,58300
2017/12/15,25.860001,26.32,25.860001,26.209999,24.900358,199800
2017/12/18,26.379999,26.469999,26.139999,26.23,24.919359,107200
2017/12/19,26.32,26.5,26.18,26.27,24.957361,125400
2017/12/20,26.35,26.35,25.9,26.01,24.710356,75200
2017/12/21,26.120001,26.120001,25.879999,25.9,24.60585,91300
2017/12/22,26.07,26.120001,25.530001,25.75,24.463348,81200
2017/12/26,25.77,25.84,25.6,25.65,24.36834,39900
2017/12/27,25.59,25.799999,25.59,25.68,24.396843,44900
2017/12/28,25.690001,26.17,25.690001,26.08,24.776854,61300
2017/12/29,26.129999,26.129999,25.690001,25.709999,24.425343,56900
2018/1/2,25.719999,25.98,25.57,25.959999,24.662849,105300
2018/1/3,25.959999,26.309999,25.639999,26.209999,24.900358,119400
2018/1/4,26.4,26.709999,26.27,26.459999,25.137865,130600
2018/1/5,26.52,26.67,26.27,26.42,25.099869,69900
2018/1/8,26.42,26.809999,26.280001,26.709999,25.375378,110500
2018/1/9,26.799999,26.799999,26.110001,26.15,24.843357,76400
2018/1/10,26.049999,26.32,26.01,26.219999,24.909861,97900
2018/1/11,26.219999,26.559999,26.219999,26.41,25.090368,82900
2018/1/12,26.41,26.6,26.34,26.6,25.270874,135000
2018/1/16,26.66,27.139999,26.65,26.73,25.394377,88900
2018/1/17,26.860001,26.860001,26.139999,26.440001,25.118866,162300
2018/1/18,26.450001,26.5,25.969999,26.110001,24.805361,159300
2018/1/19,26.08,26.48,25.709999,26.110001,24.805361,175900
2018/1/22,26.08,26.389999,25.790001,26.35,25.033367,86800
2018/1/23,26.370001,26.65,25.950001,26.610001,25.280371,53700
2018/1/24,26.77,27.23,26.559999,27.110001,25.755392,167500
2018/1/25,27.16,27.25,26.73,26.98,25.631884,190800
2018/1/26,27.1,27.67,26.620001,26.99,25.641384,73400
2018/1/29,27,27.01,26.76,26.76,25.42288,435000
2018/1/30,26.690001,26.91,26.66,26.83,25.489384,125100
2018/1/31,26.889999,27,26.24,26.629999,25.299372,316600
2018/2/1,26.51,26.700001,26.08,26.469999,25.147364,112600
2018/2/2,26.450001,26.6,26.190001,26.290001,24.976362,81700
2018/2/5,26.23,26.58,25.48,25.6,24.320845,207800
2018/2/6,25.27,26.059999,25.15,25.860001,24.567846,169000
2018/2/7,25.76,26.35,25.549999,26.25,24.93836,125300
2018/2/8,26.32,26.32,25.799999,25.84,24.548847,84200
2018/2/9,25.959999,25.959999,25.299999,25.77,24.553614,107400
2018/2/12,25.690001,25.77,25.33,25.549999,24.343992,75400
2018/2/13,25.459999,25.799999,25.26,25.52,24.315414,70900
2018/2/14,25.309999,25.68,25.299999,25.43,24.22966,80800
2018/2/15,25.620001,26.5,25.620001,26.25,25.010954,144400
2018/2/16,26.49,27.9,26.48,27.639999,26.335342,211200
2018/2/20,27.49,27.76,27.309999,27.59,26.287703,113400
2018/2/21,27.57,27.83,27.32,27.35,26.059031,51300
2018/2/22,27.389999,27.559999,27.08,27.32,26.030449,69300
2018/2/23,27.370001,27.620001,27.26,27.51,26.211481,47300
2018/2/26,27.799999,27.870001,27.549999,27.809999,26.497318,96300
2018/2/27,27.92,28.030001,27.51,27.57,26.268648,70300
2018/2/28,27.65,27.719999,27.209999,27.219999,25.935171,61700
2018/3/1,27.15,27.639999,27.139999,27.559999,26.259123,184300
2018/3/2,27.41,28.15,27.41,27.85,26.535431,149200
2018/3/5,27.85,28.040001,27.51,27.690001,26.382982,90400
2018/3/6,27.67,28.129999,27.450001,28.049999,26.725986,88700
2018/3/7,27.92,28.049999,27.799999,27.969999,26.649767,57100
2018/3/8,28.02,28.16,27.870001,28,26.678352,61800
2018/3/9,28.120001,28.27,28.01,28.1,26.773632,149400
2018/3/12,28.290001,28.42,28.120001,28.290001,26.954662,99600
2018/3/13,28.34,28.49,27.940001,28.01,26.687878,110100
2018/3/14,28.08,28.459999,28.01,28.33,26.992773,108300
2018/3/15,28.299999,28.540001,28.08,28.290001,26.954662,237700
2018/3/16,28.35,28.57,28.209999,28.41,27.068998,125100
2018/3/19,28.41,28.719999,28.16,28.42,27.078527,65000
2018/3/20,28.48,28.77,28.09,28.190001,26.859379,47200
2018/3/21,28.209999,28.469999,28.110001,28.18,26.849854,61500
2018/3/22,28.110001,28.25,27.799999,27.83,26.516375,69600
2018/3/23,27.83,28.25,27.43,27.440001,26.144783,144000
2018/3/26,27.74,27.77,27.32,27.620001,26.316288,72800
2018/3/27,27.610001,27.889999,27.35,27.49,26.192427,64900
2018/3/28,27.459999,27.76,27.27,27.65,26.34487,86300
2018/3/29,27.75,28.07,27.59,27.66,26.354401,91100
2018/4/2,27.610001,27.860001,27.1,27.27,25.982805,78300
2018/4/3,27.43,27.5,27.01,27.35,26.059031,291900
2018/4/4,27.18,27.73,27.059999,27.639999,26.335342,121600
2018/4/5,27.75,28.059999,27.530001,27.889999,26.573542,92400
2018/4/6,27.83,28.200001,27.540001,27.76,26.44968,115100
2018/4/9,27.940001,28.110001,27.76,27.780001,26.468735,60800
2018/4/10,27.98,28.08,27.76,27.83,26.516375,95300
2018/4/11,27.809999,27.879999,27.48,27.65,26.34487,67500
2018/4/12,27.790001,27.790001,27.610001,27.629999,26.325815,69100
2018/4/13,27.75,27.84,27.58,27.84,26.525906,153000
2018/4/16,28,28.27,27.93,28.17,26.84033,242700
2018/4/17,28.25,28.4,28.16,28.299999,26.964191,125500
2018/4/18,28.32,28.549999,28.32,28.459999,27.116631,57500
2018/4/19,28.360001,28.51,28.27,28.32,26.983244,35000
2018/4/20,28.25,28.540001,28.16,28.450001,27.107115,97300
2018/4/23,28.459999,28.469999,28.110001,28.23,26.897493,77000
2018/4/24,28.360001,28.93,28.35,28.58,27.23097,123200
2018/4/25,28.35,28.959999,27.139999,27.57,26.268648,308200
2018/4/26,27.540001,27.65,26.559999,26.66,25.4016,277500
2018/4/27,26.690001,27.18,26.690001,26.85,25.582634,173600
2018/4/30,26.77,26.950001,25.889999,26.030001,24.80134,151500
2018/5/1,26.01,26.32,25.450001,26.27,25.030006,164900
2018/5/2,26.24,26.43,26.040001,26.27,25.030006,118200
2018/5/3,26.110001,26.24,25.66,25.68,24.467861,712600
2018/5/4,25.690001,26.190001,25.58,26.08,24.848974,199000
2018/5/7,26.049999,26.49,25.77,26.059999,24.829924,58800
2018/5/8,26.02,26.120001,25.76,25.889999,24.667946,64000
2018/5/9,25.860001,25.98,25.709999,25.73,24.515497,93100
2018/5/10,25.709999,25.709999,25.360001,25.58,24.37258,140900
2018/5/11,25.389999,25.719999,25.370001,25.700001,24.558922,90800
2018/5/14,25.700001,25.790001,25.469999,25.540001,24.406027,106100
2018/5/15,25.48,25.559999,25.299999,25.33,24.205351,96700
2018/5/16,25.360001,25.610001,25.18,25.549999,24.415579,149600
2018/5/17,25.549999,25.639999,25.34,25.48,24.34869,79800
2018/5/18,25.4,25.67,25.33,25.549999,24.415579,124300
2018/5/21,25.59,25.76,25.360001,25.629999,24.492023,108100
2018/5/22,25.66,25.66,25.35,25.360001,24.23402,179200
2018/5/23,25.370001,25.440001,25.02,25.17,24.052456,76600
2018/5/24,25.1,25.139999,24.85,25,23.890001,121800
2018/5/25,25,25.27,25,25.16,24.042898,83600
2018/5/29,24.99,25.4,24.889999,25.040001,23.928226,80900
2018/5/30,25.25,25.58,25.09,25.360001,24.23402,94300
2018/5/31,25.290001,25.32,25.049999,25.15,24.033339,82400
2018/6/1,25.200001,25.200001,24.58,24.6,23.507759,89300
2018/6/4,24.629999,24.77,24.42,24.629999,23.536428,101200
2018/6/5,24.57,24.940001,24.469999,24.84,23.737104,97300
2018/6/6,24.9,25.35,24.08,25.24,24.119347,267600
2018/6/7,25.32,25.370001,24.959999,25.200001,24.081121,81700
2018/6/8,25.219999,25.360001,25.02,25.15,24.033339,64700
2018/6/11,25.190001,25.280001,25.030001,25.07,23.956894,59600
2018/6/12,25.17,25.17,24.799999,25.07,23.956894,78300
2018/6/13,25.030001,25.049999,24.68,24.690001,23.593765,67000
2018/6/14,24.790001,24.790001,24.4,24.559999,23.469536,66200
2018/6/15,24.530001,24.700001,24.48,24.639999,23.545986,81800
2018/6/18,24.639999,24.77,24.549999,24.6,23.507759,39200
2018/6/19,24.59,24.73,24.42,24.690001,23.593765,48900
2018/6/20,24.77,24.91,24.58,24.74,23.641546,72900
2018/6/21,24.75,24.84,24.549999,24.790001,23.689325,85400
2018/6/22,24.85,24.959999,24.469999,24.73,23.63199,191100
2018/6/25,24.559999,24.74,24.41,24.66,23.565094,76500
2018/6/26,24.58,24.879999,24.389999,24.790001,23.689325,55400
2018/6/27,24.799999,25.110001,24.59,25.040001,23.928226,71400
2018/6/28,25.02,25.049999,24.65,24.700001,23.603323,84900
2018/6/29,24.74,24.83,24.450001,24.549999,23.459982,95300
2018/7/2,24.32,24.74,24.32,24.67,23.574652,61000
2018/7/3,24.799999,25.01,24.700001,24.83,23.727549,50900
2018/7/5,24.85,24.959999,24.690001,24.9,23.794443,59000
2018/7/6,24.98,25.030001,24.700001,24.790001,23.689325,51400
2018/7/9,24.950001,25.23,24.83,24.950001,23.842222,92000
2018/7/10,24.950001,25.1,24.780001,24.83,23.727549,107200
2018/7/11,24.75,25.07,24.75,24.84,23.737104,81900
2018/7/12,24.879999,24.98,24.66,24.969999,23.861334,35000
2018/7/13,24.969999,25.290001,24.92,25.02,23.909115,55700
2018/7/16,25.049999,25.129999,24.809999,24.92,23.813553,49000
2018/7/17,24.92,25,24.809999,24.950001,23.842222,58300
2018/7/18,24.959999,25,24.530001,24.780001,23.67977,48800
2018/7/19,24.780001,24.860001,24.59,24.75,23.651098,49400
2018/7/20,24.700001,24.99,24.700001,24.73,23.63199,78100
2018/7/23,24.73,24.959999,24.73,24.92,23.813553,49100
2018/7/24,24.9,24.950001,24.719999,24.809999,23.708433,43200
2018/7/25,24.799999,24.940001,24.379999,24.540001,23.45042,44900
2018/7/26,24.57,24.73,24.299999,24.629999,23.536428,65700
2018/7/27,24.719999,24.799999,24.299999,24.32,23.240191,50300
2018/7/30,24.25,24.6,24.02,24.09,23.020407,72900
2018/7/31,24.09,25.049999,24.09,24.99,23.880447,143700
2018/8/1,23.639999,24.34,22.16,23.92,22.857954,191900
2018/8/2,23.77,24.08,23.290001,23.709999,22.657274,123900
2018/8/3,23.780001,23.85,23.34,23.49,22.447046,116000
2018/8/6,23.639999,24.33,23.59,24.25,23.173302,86600
2018/8/7,24.25,24.469999,24.02,24.280001,23.201971,73400
2018/8/8,24.16,24.299999,23.959999,23.99,22.924847,89700
2018/8/9,24.030001,24.190001,23.6,23.639999,22.590384,65500
2018/8/10,23.48,23.780001,23.43,23.540001,22.494827,28200
2018/8/13,23.32,23.559999,23.09,23.25,22.28871,108200
2018/8/14,23.18,23.35,22.93,23.02,22.068224,72200
2018/8/15,22.93,23.27,22.889999,23.15,22.192848,77100
2018/8/16,23.23,23.67,23.23,23.5,22.528378,84300
2018/8/17,23.450001,23.639999,23.309999,23.4,22.43251,58900
2018/8/20,23.379999,23.610001,22.99,23.549999,22.576309,79600
2018/8/21,23.790001,24.07,23.67,23.969999,22.978943,77700
2018/8/22,23.9,24.09,23.35,23.379999,22.413336,120100
2018/8/23,23.35,23.379999,23.110001,23.24,22.279129,97800
2018/8/24,23.26,23.360001,23.17,23.219999,22.259954,83900
2018/8/27,23.190001,23.790001,23.1,23.66,22.681765,141200
2018/8/28,23.66,23.68,23.25,23.389999,22.422928,50000
2018/8/29,23.32,23.5,23.1,23.17,22.212019,42000
2018/8/30,23.18,23.18,22.889999,22.940001,21.991533,113500
2018/8/31,22.879999,23.07,22.65,22.77,21.828562,77600
2018/9/4,22.709999,22.799999,22.370001,22.42,21.493029,61600
2018/9/5,22.35,22.48,22.25,22.379999,21.454685,95500
2018/9/6,22.459999,22.459999,22.27,22.4,21.473854,87100
2018/9/7,22.370001,22.77,22.23,22.65,21.713524,103700
2018/9/10,22.75,22.799999,22.190001,22.370001,21.445097,89800
2018/9/11,22.309999,22.629999,22.200001,22.58,21.646414,108000
2018/9/12,22.530001,22.68,22.15,22.4,21.473854,102100
2018/9/13,22.43,22.67,22.25,22.290001,21.36841,63200
2018/9/14,22.290001,22.559999,22.23,22.43,21.502621,59600
2018/9/17,22.43,22.57,22.15,22.16,21.243778,54500
2018/9/18,22.15,22.42,22,22.1,21.186262,142500
2018/9/19,22.049999,22.139999,21.950001,22.049999,21.138325,147600
2018/9/20,22.139999,22.49,22.129999,22.450001,21.521793,70800
2018/9/21,22.469999,22.549999,22.370001,22.379999,21.454685,335600
2018/9/24,22.33,22.559999,21.889999,21.91,21.004114,104900
2018/9/25,21.91,22.08,21.809999,21.85,20.946598,107200
2018/9/26,21.889999,22.129999,21.67,21.790001,20.889078,170700
2018/9/27,21.700001,21.82,21.52,21.530001,20.639828,82200
2018/9/28,21.52,21.700001,21.49,21.549999,20.659004,98900
2018/10/1,21.530001,21.889999,21.5,21.709999,20.812387,91200
2018/10/2,21.77,21.809999,21.440001,21.459999,20.572721,92200
2018/10/3,21.6,21.6,21.139999,21.17,20.294714,75000
2018/10/4,21.08,21.09,20.66,20.780001,19.920834,85200
2018/10/5,20.83,20.83,20.42,20.76,19.901661,75600
2018/10/8,20.75,20.889999,20.59,20.809999,19.949596,57100
2018/10/9,20.76,20.950001,20.709999,20.76,19.901661,45900
2018/10/10,20.76,20.93,20.58,20.610001,19.75787,97200
2018/10/11,20.57,20.74,20.209999,20.26,19.422338,124300
2018/10/12,20.51,20.52,20.25,20.469999,19.623655,140800
2018/10/15,20.42,20.57,20.030001,20.41,19.566133,84800
2018/10/16,20.49,20.709999,20.35,20.67,19.815386,69400
2018/10/17,20.629999,20.790001,20.59,20.65,19.796213,85700
2018/10/18,20.58,20.58,20.07,20.23,19.393579,81100
2018/10/19,20.190001,20.459999,20.049999,20.049999,19.22102,53400
2018/10/22,20.01,20.110001,19.67,19.799999,18.981352,65600
2018/10/23,19.6,19.85,19.200001,19.440001,18.63624,110100
2018/10/24,19.370001,19.549999,19.16,19.16,18.367819,74800
2018/10/25,19.23,19.51,19.139999,19.32,18.521202,90300
2018/10/26,19.120001,19.35,18.9,19.17,18.377403,101300
2018/10/29,19.290001,19.52,18.790001,18.889999,18.108978,68200
2018/10/30,18.91,19.120001,18.540001,18.870001,18.089809,254400
2018/10/31,19.110001,19.290001,18.889999,19.059999,18.271948,175300
2018/11/1,18.780001,18.780001,14.57,14.97,14.351055,822500
2018/11/2,15.02,15.42,14.9,15.34,14.705757,305000
2018/11/5,15.3,16.629999,15.3,15.73,15.079632,263000
2018/11/6,15.75,16.23,15.74,16.120001,15.453507,133600
2018/11/7,16.09,16.35,15.7,16.209999,15.539787,205300
2018/11/8,16.77,17.559999,16.73,17.01,16.306709,271700
2018/11/9,17.1,17.469999,16.950001,17.200001,16.56188,229800
2018/11/12,17.059999,17.23,16.870001,17.049999,16.417444,146300
2018/11/13,16.9,17.33,16.9,16.92,16.292265,139700
2018/11/14,16.969999,16.99,16.200001,16.290001,15.685642,216600
2018/11/15,16.24,16.530001,16.110001,16.48,15.86859,115700
2018/11/16,16.389999,16.709999,16.32,16.610001,15.99377,93000
2018/11/19,16.549999,16.629999,16.129999,16.139999,15.541204,128600
2018/11/20,15.99,16.32,15.63,15.67,15.088642,171100
2018/11/21,15.77,16.6,15.77,16.41,15.801187,121700
2018/11/23,16.389999,16.389999,16.1,16.15,15.550835,32300
2018/11/26,16.33,16.48,16.059999,16.360001,15.753041,143000
2018/11/27,16.34,16.34,16.110001,16.219999,15.618237,83900
2018/11/28,16.24,16.5,16.049999,16.5,15.887847,147700
2018/11/29,16.469999,16.870001,16.34,16.790001,16.167091,174100
2018/11/30,16.790001,17.049999,16.48,17.040001,16.407818,177100
2018/12/3,17.1,17.48,16.790001,17.190001,16.552252,236800
2018/12/4,17.299999,17.389999,16.450001,16.51,15.897478,300000
2018/12/6,16.299999,16.629999,16,16.459999,15.849334,324900
2018/12/7,16.459999,16.58,15.98,16.040001,15.444917,147200
2018/12/10,16.02,16.280001,15.64,16.110001,15.512319,152200
2018/12/11,16.16,16.34,15.91,16.059999,15.464173,75500
2018/12/12,16.290001,16.68,16.059999,16.41,15.801187,403600
2018/12/13,16.4,16.469999,15.69,15.77,15.184935,102200
2018/12/14,15.66,15.71,15.46,15.47,14.896063,147300
2018/12/17,15.4,15.4,14.72,14.77,14.222033,181400
2018/12/18,14.88,15.19,14.74,14.86,14.308694,169600
2018/12/19,14.86,15.43,14.86,14.89,14.337581,121000
2018/12/20,14.85,15.16,14.75,14.76,14.212403,140800
2018/12/21,14.88,15.25,14.7,14.71,14.164257,355100
2018/12/24,14.63,14.77,14.5,14.5,13.962049,135500
2018/12/26,14.52,15.17,14.52,15.13,14.568676,237300
2018/12/27,14.95,15.35,14.86,15.33,14.761256,200700
2018/12/28,15.31,15.78,15.31,15.61,15.030869,158700
2018/12/31,15.64,15.71,15.3,15.5,14.924949,150100
2019/1/2,15.32,15.86,15.29,15.59,15.011612,129600
2019/1/3,15.51,15.71,15.27,15.39,14.819031,136500
2019/1/4,15.53,16.08,15.53,15.94,15.348624,182700
2019/1/7,15.94,16.200001,15.81,16.129999,15.531576,79600
2019/1/8,16.280001,16.51,16.23,16.49,15.878222,101500
2019/1/9,16.5,16.870001,16.49,16.58,15.964882,61700
2019/1/10,16.57,16.879999,16.5,16.639999,16.022654,80500
2019/1/11,16.540001,17.02,16.5,16.98,16.35004,91600
2019/1/14,16.860001,17.07,16.780001,16.860001,16.234493,97800
2019/1/15,16.82,17,16.58,16.99,16.359671,107800
2019/1/16,17.07,17.389999,16.969999,17,16.369301,133500
2019/1/17,17.780001,19.379999,17.76,19.26,18.545452,846900
2019/1/18,19.33,19.790001,19.1,19.629999,18.901726,321400
2019/1/22,19.4,19.870001,18.82,19.68,18.949871,171900
2019/1/23,19.77,19.91,19.4,19.66,18.930614,126400
2019/1/24,19.700001,19.780001,19.530001,19.75,19.017275,69400
2019/1/25,19.959999,19.959999,19.42,19.43,18.709146,70500
2019/1/28,19.4,19.75,19.4,19.68,18.949871,83100
2019/1/29,19.690001,19.84,19.559999,19.709999,18.978756,82800
2019/1/30,19.82,19.85,19.5,19.610001,18.882467,137800
2019/1/31,19.540001,19.66,19.290001,19.450001,18.728405,95000
2019/2/1,19.610001,19.76,19.32,19.709999,18.978756,74800
2019/2/4,19.6,19.84,19.6,19.74,19.007643,83800
2019/2/5,19.73,19.879999,19.629999,19.75,19.017275,55600
2019/2/6,19.77,19.790001,19.33,19.41,18.689886,76400
2019/2/7,19.34,19.48,18.889999,19.290001,18.574343,94500
2019/2/8,19.15,19.15,18.549999,18.74,18.115177,79400
2019/2/11,18.700001,19.18,18.549999,18.92,18.289173,164600
2019/2/12,18.9,19.440001,18.85,19.379999,18.733837,126800
2019/2/13,19.549999,19.67,19.35,19.41,18.762838,45800
2019/2/14,19.299999,19.5,19.09,19.129999,18.49217,89700
2019/2/15,19.200001,19.639999,19.18,19.59,18.936838,146000
2019/2/19,19.5,19.6,19.1,19.549999,18.89817,138100
2019/2/20,19.66,20.059999,19.52,19.92,19.255833,133400
2019/2/21,19.74,20.790001,19.530001,20.190001,19.516832,167000
2019/2/22,20.389999,21.08,20.379999,21,20.299824,434100
2019/2/25,21.1,21.34,20.940001,21.17,20.464157,145900
2019/2/26,21.17,21.540001,21.040001,21.16,20.454493,158600
2019/2/27,21.139999,21.290001,20.799999,20.98,20.280493,77400
2019/2/28,20.879999,21.1,20.59,21.01,20.30949,124400
2019/3/1,21.16,21.43,21.040001,21.43,20.71549,95300
2019/3/4,21.52,21.610001,21.32,21.389999,20.676821,103900
2019/3/5,21.41,21.65,21.280001,21.549999,20.831486,110900
2019/3/6,21.48,21.48,20.66,20.780001,20.087162,94700
2019/3/7,20.809999,20.809999,20.34,20.57,19.884161,95800
2019/3/8,20.41,21.1,20.41,20.99,20.290157,138000
2019/3/11,21.030001,21.1,20.709999,20.889999,20.193495,74500
2019/3/12,20.790001,20.91,20.34,20.370001,19.69083,101800
2019/3/13,20.299999,20.33,19.99,20.1,19.429834,103600
2019/3/14,20.139999,20.18,19.9,19.950001,19.284836,73600
2019/3/15,19.950001,20.059999,19.65,19.690001,19.033503,252800
2019/3/18,19.76,20.059999,19.76,20.01,19.342834,165900
2019/3/19,20.01,20.33,19.99,20.09,19.420166,79500
2019/3/20,20.049999,20.049999,19.389999,19.43,18.782169,127900
2019/3/21,19.43,19.76,19.379999,19.59,18.936838,98000
2019/3/22,19.51,19.530001,18.799999,18.83,18.202179,131600
2019/3/25,18.84,19,18.559999,18.91,18.279512,117000
2019/3/26,18.99,19.190001,18.940001,19.139999,18.501841,39700
2019/3/27,19.040001,19.23,18.879999,19.110001,18.472843,74900
2019/3/28,19.18,19.290001,19.040001,19.219999,18.579174,57100
2019/3/29,19.18,19.33,18.969999,19.25,18.608173,86700
2019/4/1,19.25,19.42,19.139999,19.190001,18.550177,48600
2019/4/2,19.190001,19.299999,18.959999,19.15,18.511505,79400
2019/4/3,19.049999,19.389999,19.049999,19.139999,18.501841,98900
2019/4/4,19.200001,19.450001,19.200001,19.43,18.782169,73900
2019/4/5,19.450001,19.6,19.32,19.35,18.704838,40400
2019/4/8,19.27,19.49,19.01,19.459999,18.811169,78300
2019/4/9,19.43,19.43,18.85,18.879999,18.250507,53800
2019/4/10,18.85,19.17,18.82,19.129999,18.49217,51200
2019/4/11,19.120001,19.190001,18.85,18.860001,18.23118,31700
2019/4/12,19,19.49,18.870001,19.440001,18.79184,110000
2019/4/15,19.4,19.440001,19.23,19.280001,18.637173,45900
2019/4/16,19.360001,19.360001,18.93,19.059999,18.424507,63100
2019/4/17,19.16,19.290001,18.889999,19.26,18.617844,76300
2019/4/18,19.209999,19.43,19.09,19.41,18.762838,57900
2019/4/22,19.309999,19.35,18.52,18.68,18.057178,59700
2019/4/23,18.67,18.950001,18.610001,18.870001,18.240843,75100
2019/4/24,18.889999,19.34,18.790001,19.25,18.608173,102200
2019/4/25,19.120001,19.129999,18.790001,18.84,18.211843,129700
2019/4/26,18.889999,18.98,18.629999,18.690001,18.066847,63800
2019/4/29,18.67,18.860001,18.35,18.459999,17.844513,132400
2019/4/30,18.52,18.58,17.26,17.549999,16.964853,286700
2019/5/1,17.530001,17.74,17.25,17.309999,16.732853,198600
2019/5/2,16.85,17.940001,16.58,17.77,17.177521,280100
2019/5/3,17.969999,18.719999,17.84,18.299999,17.689846,178500
2019/5/6,17.959999,18.74,17.959999,18.610001,17.989513,263100
2019/5/7,18.4,18.75,18.35,18.690001,18.066847,179400
2019/5/8,18.629999,19.059999,18.540001,18.74,18.115177,82700
2019/5/9,18.58,19.26,18.5,19.219999,18.579174,89700
2019/5/10,19.049999,19.5,19.049999,19.43,18.855749,72800
2019/5/13,19.139999,19.59,19.02,19.43,18.855749,115600
2019/5/14,19.450001,19.73,19.290001,19.370001,18.797522,102700
2019/5/15,19.18,19.76,19.02,19.549999,18.972204,81500
2019/5/16,19.6,19.879999,19.59,19.65,19.06925,78900
2019/5/17,19.469999,19.959999,19.469999,19.559999,18.981909,91600
2019/5/20,19.450001,19.879999,19.42,19.610001,19.030432,92100
2019/5/21,19.68,20.33,19.68,20.309999,19.709742,96500
2019/5/22,20.209999,20.52,20.049999,20.209999,19.612698,73200
2019/5/23,20.059999,20.379999,19.98,20.18,19.583584,71500
2019/5/24,20.290001,20.620001,20.209999,20.57,19.962057,68500
2019/5/28,20.52,20.620001,19.629999,19.65,19.06925,77500
2019/5/29,19.610001,19.610001,19.110001,19.18,18.613138,83000
2019/5/30,19.26,19.290001,18.799999,19,18.438457,92700
2019/5/31,18.73,18.790001,17.809999,18.219999,17.681513,197000
2019/6/3,18.16,18.459999,18,18.370001,17.82708,193600
2019/6/4,18.5,19.049999,18.48,18.969999,18.409344,69100
2019/6/5,18.99,19.33,18.51,18.790001,18.234669,78700
2019/6/6,18.790001,18.85,18.57,18.74,18.186144,86800
2019/6/7,18.870001,19.02,18.5,18.799999,18.244368,99000
2019/6/10,18.790001,19.209999,18.780001,18.9,18.341412,96000
2019/6/11,19,19.139999,18.52,18.610001,18.059986,84200
2019/6/12,18.57,19,18.530001,18.82,18.263777,62300
2019/6/13,19.030001,19.33,18.93,19.27,18.70048,80700
2019/6/14,19.209999,19.66,19.15,19.52,18.94309,46000
2019/6/17,19.559999,19.68,19.33,19.4,18.826633,39100
2019/6/18,19.469999,19.85,19.299999,19.34,18.768414,49000
2019/6/19,18.629999,19.43,18.620001,19.4,18.826633,65900
2019/6/20,19.57,19.57,19.27,19.35,18.778114,72700
2019/6/21,19.17,19.280001,18.969999,19.110001,18.54521,77600
2019/6/24,19.030001,19.26,18.700001,18.98,18.419048,72400
2019/6/25,18.92,18.969999,18.58,18.73,18.176437,65900
2019/6/26,18.76,18.77,18.51,18.73,18.176437,48700
2019/6/27,18.719999,18.92,18.51,18.82,18.263777,60600
2019/6/28,18.82,19.08,18.74,19.01,18.448164,295200
2019/7/1,19.07,19.219999,18.57,18.67,18.118212,97400
2019/7/2,18.73,18.870001,18.549999,18.84,18.283188,42800
2019/7/3,18.799999,18.969999,18.790001,18.950001,18.389936,11700
2019/7/5,18.809999,19.049999,18.66,19.02,18.457867,49700
2019/7/8,18.969999,18.969999,18.43,18.459999,17.914419,39700
2019/7/9,18.42,18.42,18.110001,18.23,17.691214,47000
2019/7/10,18.280001,18.59,18.209999,18.57,18.021166,67700
2019/7/11,18.559999,18.610001,18.26,18.379999,17.836782,40300
2019/7/12,18.360001,18.690001,18.33,18.58,18.03087,43700
2019/7/15,18.629999,18.709999,18.309999,18.67,18.118212,47300
2019/7/16,18.610001,18.84,18.459999,18.5,17.953238,46000
2019/7/17,18.440001,18.5,18.129999,18.309999,17.76885,52700
2019/7/18,18.219999,18.379999,18.040001,18.200001,17.662104,42900
2019/7/19,18.139999,18.35,18.07,18.09,17.555357,50000
2019/7/22,18.09,18.48,18.07,18.440001,17.89501,47500
2019/7/23,18.49,18.51,18,18.469999,17.924124,92700
2019/7/24,18.389999,18.82,18.299999,18.780001,18.22496,45700
2019/7/25,18.790001,19.120001,18.77,18.940001,18.380232,60600
2019/7/26,19.01,19.309999,19.01,19.15,18.584024,32700
2019/7/29,19.120001,19.469999,19,19.35,18.778114,49800
2019/7/30,19.27,19.559999,19.07,19.459999,18.884861,61500
2019/7/31,19.459999,19.68,19.040001,19.120001,18.554913,118000
2019/8/1,19.860001,22.940001,19.75,22.34,21.679745,151400
2019/8/2,22.219999,22.6,21.620001,21.92,21.27216,78800
2019/8/5,21.620001,22.68,21.620001,22.5,21.83502,118500
2019/8/6,22.559999,22.950001,22.200001,22.34,21.679745,124700
2019/8/7,22.17,22.719999,22.110001,22.25,21.592407,86800
2019/8/8,22.4,22.77,22.17,22.6,21.93206,180800
2019/8/9,22.4,22.860001,22.389999,22.450001,21.859037,84800
2019/8/12,22.35,22.610001,22.16,22.219999,21.63509,66100
2019/8/13,22.25,22.639999,21.73,21.85,21.27483,77000
2019/8/14,21.690001,22.27,21.67,22.18,21.596144,127500
2019/8/15,22.26,22.620001,21.969999,22,21.420879,83900
2019/8/16,22.07,22.639999,22,22.49,21.897984,81800
2019/8/19,22.629999,22.83,22.540001,22.65,22.05377,44200
2019/8/20,22.540001,22.75,22.17,22.200001,21.615618,42200
2019/8/21,22.200001,22.219999,21.790001,21.83,21.25536,43000
2019/8/22,21.92,22.09,21.469999,21.51,20.943781,58300
2019/8/23,21.4,21.459999,20.799999,20.99,20.437469,98200
2019/8/26,21.1,21.639999,21.09,21.52,20.953518,73200
2019/8/27,21.639999,21.719999,20.91,20.959999,20.408258,55200
2019/8/28,20.860001,21.32,20.860001,21.129999,20.573782,64500
2019/8/29,21.34,21.459999,21.059999,21.1,20.544575,36300
2019/8/30,21.120001,21.389999,21.01,21.27,20.710098,101600
2019/9/3,21.200001,21.33,20.65,21.129999,20.573782,55300
2019/9/4,21.23,21.27,20.99,21.08,20.525099,34900
2019/9/5,21.25,21.610001,21,21.309999,20.749044,57500
2019/9/6,21.4,21.700001,21.16,21.190001,20.632206,70000
2019/9/9,21.23,21.620001,21.16,21.389999,20.826941,50200
2019/9/10,21.389999,22.33,21.25,21.9,21.323515,102200
2019/9/11,21.969999,22.549999,21.969999,22.540001,21.946667,93000
2019/9/12,22.639999,22.85,22.360001,22.450001,21.859037,131600
2019/9/13,22.65,22.889999,22.48,22.690001,22.092718,81000
2019/9/16,22.66,22.67,22.41,22.5,21.907722,144800
2019/9/17,22.48,22.809999,22.4,22.639999,22.044033,72200
2019/9/18,22.790001,22.940001,22.389999,22.41,21.820089,147500
2019/9/19,22.4,22.700001,22.200001,22.219999,21.63509,67700
2019/9/20,22.26,22.32,21.709999,21.76,21.187197,170200
2019/9/23,21.629999,21.950001,21.59,21.59,21.021677,88500
2019/9/24,21.67,21.85,21.26,21.280001,20.719835,103300
2019/9/25,21.35,21.75,21.35,21.700001,21.12878,85900
2019/9/26,21.66,21.860001,21.09,21.299999,20.739311,56800
2019/9/27,21.299999,21.41,20.82,20.91,20.359575,48500
2019/9/30,20.82,21.120001,20.42,20.440001,19.901947,70400
2019/10/1,20.68,21.049999,20.5,20.620001,20.077209,112900
2019/10/2,20.469999,20.959999,20.41,20.92,20.369312,96700
2019/10/3,20.91,21.08,20.52,20.75,20.203787,112300
2019/10/4,20.68,20.83,20.43,20.610001,20.067474,94800
2019/10/7,20.540001,20.99,20.5,20.620001,20.077209,165700
2019/10/8,20.540001,21.32,20.51,20.969999,20.417994,226200
2019/10/9,20.969999,21.530001,20.700001,20.860001,20.31089,64200
2019/10/10,20.950001,21.48,20.9,21.309999,20.749044,109700
2019/10/11,21.5,21.74,21.27,21.299999,20.739311,82600
2019/10/14,21.09,21.42,21.08,21.33,20.768518,66000
2019/10/15,21.389999,21.610001,21.360001,21.49,20.924307,116300
2019/10/16,21.42,21.49,21.07,21.08,20.525099,74400
2019/10/17,21.209999,21.639999,21.1,21.49,20.924307,115200
2019/10/18,21.389999,21.610001,21.389999,21.469999,20.904829,85700
2019/10/21,21.610001,21.940001,21.610001,21.68,21.109306,79900
2019/10/22,21.629999,21.790001,21.379999,21.389999,20.826941,39100
2019/10/23,21.4,21.530001,21.370001,21.459999,20.895096,67100
2019/10/24,21.6,21.639999,21.4,21.6,21.031408,74300
2019/10/25,21.59,22.129999,21.540001,22,21.420879,114900
2019/10/28,22.02,22.93,22.02,22.780001,22.180349,173400
2019/10/29,22.9,26.700001,22.6,26.559999,25.860846,555000
2019/10/30,26.6,26.809999,25.629999,26.16,25.471375,181000
2019/10/31,26.129999,26.27,25.540001,25.76,25.081905,122700
2019/11/1,25.76,26.84,25.690001,26.299999,25.607691,86900
2019/11/4,26.200001,26.25,25.43,25.629999,24.955326,60100
2019/11/5,25.809999,26.129999,25.549999,25.59,24.916378,65300
2019/11/6,25.49,25.77,24.969999,25.040001,24.380861,80300
2019/11/7,24.99,25.469999,24.68,25.42,24.825212,105800
2019/11/8,25.379999,25.5,24.799999,24.870001,24.288084,44600
2019/11/11,24.66,24.98,24.23,24.299999,23.731419,62200
2019/11/12,24.33,24.790001,24.27,24.709999,24.131824,59400
2019/11/13,24.620001,24.66,24.27,24.4,23.829079,35400
2019/11/14,24.450001,24.75,24.280001,24.5,23.926739,63000
2019/11/15,24.65,24.65,24.209999,24.309999,23.741184,46900
2019/11/18,24.299999,24.42,24.139999,24.370001,23.799782,48900
2019/11/19,24.200001,24.35,24.120001,24.129999,23.565395,107100
2019/11/20,24.059999,24.33,24,24.200001,23.633759,125200
2019/11/21,24.309999,24.35,23.950001,23.99,23.428671,36000
2019/11/22,24.059999,24.059999,23.67,23.68,23.125925,46800
2019/11/25,23.860001,24.34,23.709999,24.040001,23.477503,57100
2019/11/26,24.02,24.209999,23.860001,24.049999,23.487268,81700
2019/11/27,24.049999,24.25,23.73,23.75,23.194286,94700
2019/11/29,23.68,24.26,23.68,24.049999,23.487268,51700
2019/12/2,24.08,24.42,23.889999,24.35,23.780249,78600
2019/12/3,24.65,25.690001,24.530001,25.4,24.805677,218900
2019/12/4,25.68,26.889999,25.530001,26.49,25.870174,220600
2019/12/5,26.639999,26.66,25.889999,26.33,25.713921,135400
2019/12/6,26.5,26.709999,25.940001,26.059999,25.450237,227900
2019/12/9,26.15,27.139999,26.15,27,26.368244,152800
2019/12/10,27.049999,27.530001,26.540001,27.08,26.446369,117000
2019/12/11,27.200001,27.65,26.98,27.48,26.837008,96200
2019/12/12,27.41,27.799999,27.34,27.620001,26.973738,81600
2019/12/13,28.07,28.280001,27.709999,28.26,27.598761,99400
2019/12/16,28.389999,28.5,27.5,27.719999,27.071396,139700
2019/12/17,27.65,27.67,26.91,27.33,26.690523,251300
2019/12/18,27.52,27.52,26.85,27.200001,26.563564,84500
2019/12/19,27.23,27.23,26.549999,26.74,26.114325,82600
2019/12/20,26.67,26.790001,26.209999,26.360001,25.743217,172600
2019/12/23,26.309999,26.389999,25.9,26.219999,25.606491,78200
2019/12/24,26.23,26.299999,26.07,26.290001,25.674856,34800
2019/12/26,26.309999,26.309999,25.66,25.780001,25.17679,44100
2019/12/27,25.790001,25.85,25.57,25.68,25.07913,62500
2019/12/30,25.700001,25.85,25.27,25.73,25.127958,68300
2019/12/31,25.690001,25.92,25.52,25.6,25.001001,59700
2020/1/2,25.620001,25.620001,25,25.27,24.678722,74300
2020/1/3,25.059999,25.51,25,25.43,24.834976,81800
2020/1/6,25.34,25.73,25.16,25.690001,25.088896,77600
2020/1/7,25.709999,26.040001,25.27,25.32,24.727552,94400
2020/1/8,25.200001,25.32,25.02,25.280001,24.688488,66000
2020/1/9,25.209999,25.48,25.049999,25.08,24.493168,54700
2020/1/10,25.059999,25.219999,24.700001,25.200001,24.610361,60800
2020/1/13,25.15,25.25,25,25.17,24.581062,39100
2020/1/14,25.120001,25.360001,24.879999,25.309999,24.717785,47300
2020/1/15,25.24,25.629999,25.23,25.620001,25.020531,38500
2020/1/16,25.66,26.110001,25.65,25.74,25.137724,105900
2020/1/17,25.99,25.99,25.41,25.690001,25.088896,84000
2020/1/21,25.5,25.629999,25.299999,25.48,24.883808,187300
2020/1/22,25.52,25.700001,24.9,25.02,24.434572,49300
2020/1/23,24.940001,24.940001,24.129999,24.450001,23.877907,69400
2020/1/24,24.610001,24.77,24.23,24.49,23.916973,62700
2020/1/27,24.209999,24.65,24.040001,24.42,23.848608,40900
2020/1/28,24.5,24.6,24.33,24.459999,23.887674,35200
2020/1/29,24.450001,24.459999,24.219999,24.27,23.70212,39000
2020/1/30,24.09,24.27,23.82,24.15,23.584929,103200
2020/1/31,24.09,24.110001,23.5,23.67,23.116158,86400
2020/2/3,23.809999,24.059999,23.76,23.889999,23.331011,59000
2020/2/4,24.129999,24.530001,23.889999,24.360001,23.790014,89500
2020/2/5,24.57,24.67,23.83,24.370001,23.799782,115700
2020/2/6,24.549999,24.66,24.299999,24.549999,23.975567,51500
2020/2/7,24.4,24.43,23.74,23.91,23.422096,45500
2020/2/10,23.85,24.559999,23.85,24.530001,24.029448,58800
2020/2/11,24.559999,24.9,24.43,24.73,24.225363,77800
2020/2/12,24.77,24.77,24.309999,24.41,23.911894,52000
2020/2/13,24.52,24.76,24.379999,24.75,24.244957,38500
2020/2/14,24.82,24.82,24.450001,24.549999,24.049036,63700
2020/2/18,24.549999,24.82,24.41,24.42,23.921688,44300
2020/2/19,24.459999,25.459999,24.459999,25,24.489857,153300
2020/2/20,24.5,25,21.25,22.200001,21.746992,359700
2020/2/21,21.940001,22.02,21.33,21.9,21.453112,182700
2020/2/24,21.450001,21.559999,20.370001,20.530001,20.111069,137500
2020/2/25,20.5,20.700001,20.190001,20.309999,19.895561,204500
2020/2/26,20.48,21.23,20.32,21.1,20.669439,186800
2020/2/27,21.09,21.5,20.639999,20.83,20.404945,202700
2020/2/28,20.5,21.190001,20.5,21.15,20.718418,192700
2020/3/2,21.25,21.379999,20.08,20.299999,19.885759,167300
2020/3/3,20.23,20.4,19.33,19.549999,19.151066,200300
2020/3/4,19.700001,20.370001,19.450001,20.299999,19.885759,182300
2020/3/5,20.35,21.120001,20.24,20.9,20.473518,161200
2020/3/6,20.49,20.940001,20.17,20.6,20.17964,153900
2020/3/9,20.030001,20.32,19.1,19.299999,18.906168,176200
2020/3/10,19.620001,19.940001,18.23,18.83,18.445761,337100
2020/3/11,18.43,18.5,16.92,17.33,16.976366,143100
2020/3/12,16.4,17.549999,15.67,15.71,15.389425,200300
2020/3/13,16.209999,17.1,15.61,16.780001,16.43759,278300
2020/3/16,15.47,16,14.01,14.07,13.782889,195700
2020/3/17,14.35,16.1,14.08,15.63,15.311057,189000
2020/3/18,15.13,16.67,14.92,16.17,15.840039,340300
2020/3/19,16.620001,18.15,14.91,15.17,14.860443,247400
2020/3/20,15.34,16.74,15.34,15.46,15.144526,272800
2020/3/23,15.93,16.68,14.05,14.1,13.812279,269200
2020/3/24,14.6,15.13,13.93,14.99,14.684116,150100
2020/3/25,15.05,15.67,14.58,14.74,14.439218,181300
2020/3/26,14.81,15.39,14.02,14.24,13.949422,247400
2020/3/27,14.04,15.75,13.6,15.51,15.193507,260400
2020/3/30,16.26,17.93,15.96,17.09,16.741266,380200
2020/3/31,17.82,17.85,16.02,16.15,15.820444,237000
2020/4/1,15.95,16.379999,15.36,15.72,15.399222,189400
2020/4/2,15.4,15.87,14.62,14.9,14.595953,170800
2020/4/3,14.99,15.11,13.92,13.96,13.675135,146600
2020/4/6,14.22,14.81,13.71,14.23,13.939625,413100
2020/4/7,14.51,15.16,14.41,14.73,14.429422,383400
2020/4/8,14.88,15.47,14.61,15.08,14.772281,225000
2020/4/9,15.33,15.88,15.26,15.72,15.399222,164900
2020/4/13,15.66,15.78,15.01,15.19,14.880036,135400
2020/4/14,15.7,15.89,15,15.4,15.085751,231100
2020/4/15,15.07,15.41,14.23,14.49,14.194319,188300
2020/4/16,14.56,14.59,13.54,13.8,13.5184,203200
2020/4/17,14.07,15.12,14.05,14.96,14.65473,227200
2020/4/20,14.67,15.41,14.43,15.21,14.899629,160800
2020/4/21,14.71,15.1,14.34,14.85,14.546974,188400
2020/4/22,15.08,15.08,14.62,14.83,14.527382,113600
2020/4/23,14.97,15.22,14.75,14.99,14.684116,93700
2020/4/24,15.14,15.16,14.68,14.75,14.449015,87400
2020/4/27,14.75,15.41,14.75,15.11,14.801668,364800
2020/4/28,15.5,15.95,15.3,15.91,15.585342,145300
2020/4/29,16.190001,17.35,16.15,17.280001,16.927389,279600
2020/4/30,16.780001,16.83,14.55,15.02,14.713506,653000
2020/5/1,14.7,15.07,14.6,14.81,14.507791,153600
2020/5/4,14.6,15.04,14.24,14.77,14.468607,187000
2020/5/5,15.1,15.44,14.66,14.77,14.468607,190800
2020/5/6,15,15.32,14.88,15.01,14.703709,201600
2020/5/7,15.28,15.39,14.93,15.27,14.958404,179100
2020/5/8,15.6,15.98,15.3,15.86,15.613049,128000
2020/5/11,15.98,16.02,15.47,15.84,15.59336,170900
2020/5/12,15.83,15.88,15.48,15.5,15.258656,165900
2020/5/13,15.36,15.5,14.26,14.47,14.244694,491200
2020/5/14,14.11,14.32,13.84,14.27,14.047807,194100
2020/5/15,14.24,14.45,14.11,14.38,14.156094,107100
2020/5/18,14.95,15.52,14.78,15.32,15.081457,138400
2020/5/19,15.4,16.389999,15.27,15.79,15.544139,286800
2020/5/20,17.360001,19.98,17.299999,19.27,18.969954,646800
2020/5/21,19.200001,19.219999,18.33,18.6,18.310387,267000
2020/5/22,18.73,18.969999,18.23,18.49,18.202099,155600
2020/5/26,19.07,19.290001,18.43,18.459999,18.172564,148500
2020/5/27,18.49,19.16,17.959999,18.940001,18.64509,121100
2020/5/28,19.15,19.32,18.4,18.52,18.231632,119400
2020/5/29,18.26,18.780001,18.139999,18.719999,18.428518,178500
2020/6/1,18.92,18.93,18.35,18.370001,18.083969,178300
2020/6/2,18.370001,18.91,18.32,18.67,18.379295,199600
2020/6/3,19.09,20.09,19.040001,19.92,19.609831,213900
2020/6/4,19.9,19.9,19,19.299999,18.999485,140100
2020/6/5,19.6,20.02,19.540001,19.799999,19.491699,156500
2020/6/8,20.17,20.99,19.959999,20.889999,20.564728,146700
2020/6/9,20.51,20.629999,19.67,20.24,19.924849,178100
2020/6/10,20.389999,20.84,19.6,19.67,19.363726,119100
2020/6/11,18.99,19.08,18.280001,18.370001,18.083969,202800
2020/6/12,19.08,19.1,18.08,18.74,18.448204,163300
2020/6/15,18.33,19.42,18.209999,19.120001,18.82229,141200
2020/6/16,19.5,19.629999,18.790001,19.459999,19.156994,167000
2020/6/17,19.450001,19.450001,18.82,18.99,18.694313,99000
2020/6/18,18.83,19.280001,18.83,19.17,18.87151,156000
2020/6/19,19.360001,19.389999,18.66,19.120001,18.82229,213100
2020/6/22,19.26,19.26,18.540001,18.98,18.684467,203100
2020/6/23,19.219999,19.219999,18.639999,18.67,18.379295,91900
2020/6/24,18.48,18.540001,18.08,18.110001,17.828014,160700
2020/6/25,18.059999,18.059999,17.67,18.02,17.739418,127300
2020/6/26,17.799999,17.9,17.43,17.77,17.493309,229100
2020/6/29,18.01,18.450001,17.809999,18.25,17.965836,140300
2020/6/30,18.09,18.73,17.969999,18.120001,17.837862,181500
2020/7/1,18.139999,18.209999,17.629999,17.82,17.54253,133300
2020/7/2,18.18,18.35,17.57,17.66,17.385021,91400
2020/7/6,18.15,18.15,17.58,17.92,17.640974,126800
2020/7/7,17.67,18,17.469999,17.85,17.572063,198400
2020/7/8,17.82,17.82,17.4,17.6,17.325956,186400
2020/7/9,17.49,17.57,16.74,17.110001,16.843586,175700
2020/7/10,17.08,17.58,17.08,17.57,17.296423,83000
2020/7/13,17.879999,18.389999,17.75,17.85,17.572063,172900
2020/7/14,17.940001,18.18,17.75,18.08,17.798481,97000
2020/7/15,18.34,18.98,18.34,18.73,18.43836,151700
2020/7/16,18.65,19.030001,18.469999,18.950001,18.654934,124100
2020/7/17,18.959999,19.049999,18.459999,18.559999,18.271008,90400
2020/7/20,18.389999,18.43,17.790001,18.08,17.798481,130500
2020/7/21,18.299999,18.82,18.09,18.58,18.290697,113300
2020/7/22,18.43,18.82,18.32,18.75,18.45805,99900
2020/7/23,18.92,19.610001,18.809999,19.4,19.097929,390800
2020/7/24,19.450001,19.629999,18.77,18.9,18.605713,67000
2020/7/27,18.940001,19.469999,18.629999,19.42,19.117619,100600
2020/7/28,19.299999,19.959999,18.91,19.65,19.344034,144500
2020/7/29,21.870001,23.9,21.450001,23.299999,22.937201,369500
2020/7/30,22.92,23.17,22.25,23.1,22.740316,216100
2020/7/31,22.77,22.879999,21.200001,22.110001,21.765732,235800
2020/8/3,22.42,22.459999,21.780001,22.25,21.903553,176200
2020/8/4,22.18,22.65,22.110001,22.34,21.992151,101600
2020/8/5,22.59,22.700001,22.18,22.450001,22.100441,135500
2020/8/6,22.5,22.92,22.41,22.66,22.307169,119500
2020/8/7,22.559999,23.17,22.530001,23.07,22.799324,156600
2020/8/10,23.07,23.799999,23.07,23.469999,23.194632,108400
2020/8/11,23.700001,24.01,23.299999,23.43,23.1551,107900
2020/8/12,23.790001,23.790001,23.17,23.440001,23.164984,70400
2020/8/13,23.23,23.4,22.889999,23.219999,22.947563,66500
2020/8/14,23.07,23.17,22.82,22.969999,22.700499,49500
2020/8/17,23.02,23.040001,22.76,22.82,22.552258,57500
2020/8/18,22.73,22.73,22.309999,22.5,22.236013,76400
2020/8/19,22.440001,23.389999,22.440001,22.860001,22.591789,91000
2020/8/20,22.559999,22.65,22.360001,22.450001,22.186602,52800
2020/8/21,22.290001,22.35,22.18,22.309999,22.048243,86500
2020/8/24,22.370001,22.85,22.18,22.709999,22.443548,71600
2020/8/25,22.99,23.16,22.48,22.57,22.305193,83000
2020/8/26,22.51,22.51,22.120001,22.200001,21.939533,55500
2020/8/27,22.110001,22.610001,22.110001,22.52,22.255781,61300
2020/8/28,22.690001,22.690001,22.200001,22.370001,22.10754,31500
2020/8/31,22.290001,22.32,21.950001,22.139999,21.880236,94200
2020/9/1,22.030001,22.290001,21.98,22.27,22.008713,68800
2020/9/2,22.27,22.6,22.1,22.49,22.22613,74100
2020/9/3,22.549999,22.559999,21.92,22.09,21.830824,112800
2020/9/4,22.43,22.43,21.85,22.15,21.890118,66100
2020/9/8,22.030001,22.030001,21.41,21.52,21.267511,72200
2020/9/9,21.559999,22.360001,21.559999,21.9,21.643049,125900
2020/9/10,21.9,22.09,21.27,21.290001,21.040211,157100
2020/9/11,21.379999,21.379999,20.68,21.190001,20.941383,170800
2020/9/14,21.5,22.33,21.32,22.190001,21.929651,165600
2020/9/15,22.440001,22.65,21.1,21.17,20.921618,79400
2020/9/16,21.18,21.620001,21.059999,21.35,21.099506,92300
2020/9/17,21.120001,21.200001,20.889999,21.02,20.773378,67200
2020/9/18,21.200001,21.59,20.99,21.459999,21.208214,179000
2020/9/21,21.049999,21.049999,20.370001,20.879999,20.635019,130500
2020/9/22,21.02,21.02,20.219999,20.379999,20.140886,53400
2020/9/23,20.24,20.92,20.24,20.809999,20.565842,92200
2020/9/24,20.860001,21.309999,20.709999,21.049999,20.803024,73700
2020/9/25,20.860001,21.530001,20.860001,21.309999,21.059973,81800
2020/9/28,21.559999,22.23,21.530001,21.99,21.731997,87000
2020/9/29,22.08,22.110001,21.74,21.82,21.563992,57900
2020/9/30,21.719999,22.4,21.690001,22.309999,22.048243,69700
2020/10/1,22.290001,22.549999,21.959999,22.51,22.245895,73400
2020/10/2,22.299999,23.549999,22.26,23.5,23.224279,102500
2020/10/5,23.57,24.43,23.57,24.360001,24.07419,142500
2020/10/6,24.370001,24.48,23.48,23.58,23.303341,116800
2020/10/7,23.77,24.27,23.52,23.57,23.293457,92200
2020/10/8,23.75,23.98,23.700001,23.790001,23.510878,84900
2020/10/9,23.85,24.370001,23.719999,24,23.718414,67100
2020/10/12,23.99,24.34,23.790001,24.15,23.866655,49000
2020/10/13,23.91,24.049999,23.59,23.84,23.560291,66800
2020/10/14,23.76,24.02,23.360001,23.49,23.214399,103500
2020/10/15,23.209999,24,22.98,23.85,23.570173,110900
2020/10/16,23.709999,24.309999,23.57,24.049999,23.767828,77600
2020/10/19,24.15,24.17,23.610001,23.75,23.471348,62400
2020/10/20,23.940001,24.08,23.639999,23.77,23.491114,58300
2020/10/21,23.879999,24.059999,23.76,24.030001,23.748062,34500
2020/10/22,24.139999,24.65,23.950001,24.5,24.212547,46500
2020/10/23,24.559999,25.219999,24.559999,24.75,24.459612,59500
2020/10/26,24.49,24.49,23.709999,24.040001,23.757944,48400
2020/10/27,24.049999,24.379999,23.75,24.26,23.975365,88800
2020/10/28,24.07,26.18,23.6,25.5,25.200815,304500
2020/10/29,25.780001,26.23,25.07,25.700001,25.39847,123000
2020/10/30,25.76,26.129999,25.450001,25.809999,25.507177,121300
2020/11/2,26.139999,26.459999,25.950001,26.27,25.961782,87600
2020/11/3,26.51,27.93,26.5,27.74,27.414532,108900
2020/11/4,27.33,27.84,27.07,27.35,27.029108,69400
2020/11/5,27.48,28.26,27.42,27.780001,27.454063,47100
2020/11/6,27.889999,27.889999,26.969999,27.049999,26.829206,60400
2020/11/9,27.530001,28.610001,26.780001,26.790001,26.571329,128800
2020/11/10,27.129999,27.620001,26.51,27.139999,26.91847,60300
2020/11/11,27.110001,27.549999,26.690001,27.07,26.849043,49200
2020/11/12,26.99,27.379999,26.52,27.18,26.958147,68800
2020/11/13,27.360001,28.1,27.219999,27.879999,27.65243,60800
2020/11/16,28.530001,29.719999,28.25,29.219999,28.981493,134300
2020/11/17,29.299999,29.790001,28.73,28.92,28.683943,57200
2020/11/18,28.93,29.280001,28.610001,28.610001,28.376472,52200
2020/11/19,28.58,28.99,28.33,28.719999,28.485573,46300
2020/11/20,28.68,29,28.120001,28.889999,28.654186,63000
2020/11/23,29.24,29.389999,28.82,28.9,28.664104,58500
2020/11/24,29.15,29.5,28.950001,29.23,28.991411,112600
2020/11/25,29.1,29.27,28.540001,28.809999,28.574841,70000
2020/11/27,28.74,28.780001,28,28.459999,28.227697,28800
2020/11/30,28.389999,28.389999,27.15,27.209999,26.9879,108500
2020/12/1,27.35,28.76,27.309999,27.870001,27.642515,96000
2020/12/2,27.700001,27.860001,27.209999,27.690001,27.463984,55600
2020/12/3,27.74,28.17,27.6,27.73,27.503654,42700
2020/12/4,27.91,28.700001,27.879999,28.65,28.416145,43900
2020/12/7,28.639999,28.799999,28.290001,28.540001,28.307043,58300
2020/12/8,28.32,29.379999,28.23,29.26,29.021168,114400
2020/12/9,29.48,30.610001,29.379999,29.85,29.606354,177100
2020/12/10,31.99,31.99,29.9,30.719999,30.46925,262000
2020/12/11,30.610001,30.700001,29.639999,29.709999,29.467493,107400
2020/12/14,30.15,30.27,29.110001,29.450001,29.209618,100400
2020/12/15,29.77,29.77,29.370001,29.5,29.259209,83000
2020/12/16,29.51,29.540001,28.780001,29.049999,28.812881,91200
2020/12/17,29.01,29.780001,28.780001,29.75,29.50717,135100
2020/12/18,29.809999,30.559999,29.34,30,29.755125,232800
2020/12/21,29.799999,30.42,29.299999,30.200001,29.953495,92500
2020/12/22,30.33,30.610001,29.99,30.51,30.260963,71200
2020/12/23,30.549999,31.110001,30.379999,30.49,30.241127,81300
2020/12/24,30.709999,30.950001,30.280001,30.84,30.588268,29900
2020/12/28,31,31.59,30.99,31.4,31.143698,86500
2020/12/29,31.299999,31.75,30.42,30.76,30.508924,80400
2020/12/30,31.059999,31.67,30.889999,30.940001,30.687452,46500
2020/12/31,31,31.540001,30.91,31.32,31.064352,53200
2021/1/4,31.52,31.620001,30.709999,30.969999,30.717211,77900
2021/1/5,31,32.02,31,31.809999,31.550352,94900
2021/1/6,32.049999,34,32.049999,33.43,33.157131,157100
2021/1/7,34,34.43,33.66,33.98,33.702641,117700
2021/1/8,34.110001,34.18,33.25,33.630001,33.355503,92400
2021/1/11,33.25,33.91,33,33.119999,32.849659,78600
2021/1/12,33.369999,33.720001,33,33.240002,32.968681,82100
2021/1/13,33.130001,33.41,32.830002,33.349998,33.077782,76100
2021/1/14,33.619999,34.07,33.450001,33.939999,33.662968,90700
2021/1/15,33.689999,34.099998,33.169998,33.619999,33.345577,60100
2021/1/19,33.98,34.57,33.790001,34.02,33.742313,76900
2021/1/20,33.950001,34.639999,33.950001,34.41,34.129131,101600
2021/1/21,34.459999,35.02,34.400002,34.57,34.287823,95100
2021/1/22,34.259998,34.82,33.57,34.810001,34.525871,80700
2021/1/25,34.689999,35.41,34.349998,35.360001,35.071377,136800
2021/1/26,35.419998,36.119999,35.240002,35.98,35.686317,100900
2021/1/27,35.509998,35.630001,34.130001,34.73,34.446518,124600
2021/1/28,34.869999,34.869999,33.630001,33.669998,33.395168,118600
2021/1/29,33.59,34.23,32.990002,33.119999,32.849659,94000
2021/2/1,33.41,33.619999,33.110001,33.279999,33.008354,56100
2021/2/2,33.66,34.130001,33.380001,34.119999,33.841499,54700
2021/2/3,34.130001,34.349998,33.720001,33.98,33.702641,85300
2021/2/4,34.080002,35.240002,34.02,35,34.714314,59400
2021/2/5,35.259998,35.27,34.740002,35.110001,34.923199,49400
2021/2/8,35.330002,35.75,35.189999,35.75,35.559792,57100
2021/2/9,35.66,35.98,35.5,35.830002,35.63937,74500
2021/2/10,36,36.200001,35.439999,36.060001,35.868145,117500
2021/2/11,36.189999,36.810001,36.049999,36.57,36.375427,160300
2021/2/12,36.560001,36.700001,36.02,36.580002,36.385376,115100
2021/2/16,36.849998,36.849998,35.09,35.299999,35.112186,106200
2021/2/17,34.709999,34.810001,33.689999,34.790001,34.6049,90100
2021/2/18,34.630001,35.23,32.740002,34.34,34.157291,331300
2021/2/19,34.709999,34.919998,34.209999,34.459999,34.276657,96100
2021/2/22,34.130001,35.240002,34.130001,34.700001,34.515381,120400
2021/2/23,34.34,34.830002,33.740002,33.799999,33.620167,147800
2021/2/24,33.799999,34.119999,33.529999,33.860001,33.679848,104600
2021/2/25,33.849998,33.990002,33.130001,33.27,33.092987,80200
2021/2/26,33.049999,33.509998,32.709999,32.959999,32.784634,151300
2021/3/1,33.549999,34.18,33.549999,34.169998,33.988197,77800
2021/3/2,34.110001,34.41,33.369999,33.650002,33.470966,80300
2021/3/3,33.990002,34.25,33.450001,33.880001,33.699741,71700
2021/3/4,33.650002,33.959999,33.060001,33.23,33.0532,107000
2021/3/5,33.580002,34.119999,32.779999,34.060001,33.878784,114900
2021/3/8,34.950001,36.34,34.529999,36.060001,35.868145,129400
2021/3/9,36.330002,36.330002,35.689999,35.790001,35.599583,114400
2021/3/10,35.900002,36.84,35.869999,36.790001,36.594261,102200
2021/3/11,36.720001,36.939999,36.349998,36.52,36.325695,120900
2021/3/12,36.75,36.860001,36.080002,36.139999,35.947716,117500
2021/3/15,36,36.48,35.200001,36.48,36.285908,114200
2021/3/16,36.419998,36.5,35.549999,36.049999,35.858196,72200
2021/3/17,36.23,36.52,35.580002,36.27,36.077026,66000
2021/3/18,36.119999,36.959999,36.119999,36.810001,36.614155,91100
2021/3/19,36.82,38.220001,36.73,36.82,36.6241,391600
2021/3/22,36.950001,37.130001,36.099998,36.549999,36.355537,113000
2021/3/23,36.240002,36.52,35.27,35.380001,35.191761,111400
2021/3/24,35.790001,36.16,34.549999,34.650002,34.465649,119000
2021/3/25,34.389999,35.060001,33.709999,34.939999,34.754101,75700
2021/3/26,35.119999,35.290001,34.669998,35.240002,35.052505,54100
2021/3/29,34.959999,35.57,34.91,35.099998,34.913246,83300
2021/3/30,35.189999,35.68,34.950001,35.110001,34.923199,87100
2021/3/31,35.349998,36.48,34.98,35.189999,35.002769,221800
2021/4/1,35.27,36.34,35.099998,36.139999,35.947716,111400
2021/4/5,36.580002,36.849998,36.200001,36.529999,36.33564,114000
2021/4/6,36.650002,36.93,36.349998,36.66,36.464951,66100
2021/4/7,36.549999,36.68,35.57,35.759998,35.569736,83300
2021/4/8,35.75,35.790001,34.91,35.32,35.13208,116200
2021/4/9,35.380001,35.419998,35.09,35.220001,35.032616,52600
2021/4/12,35.130001,35.34,34.869999,35.23,35.042561,43200
2021/4/13,35.119999,35.610001,34.959999,35.279999,35.092293,53900
2021/4/14,35.25,36.389999,35.130001,36.099998,35.907928,84500
2021/4/15,36.290001,36.290001,35.25,35.5,35.311123,33800
2021/4/16,35.77,35.91,35.25,35.830002,35.63937,52100
2021/4/19,35.700001,36.119999,35.299999,35.84,35.649315,75500
2021/4/20,36.009998,36.139999,35.23,35.990002,35.798519,104600
2021/4/21,36.080002,36.639999,35.830002,36.029999,35.838303,55000
2021/4/22,36.900002,38.209999,36.380001,37.689999,37.489468,184800
2021/4/23,38.34,38.990002,37.77,37.919998,37.718246,107400
2021/4/26,38.279999,38.279999,37.549999,37.77,37.569046,172200
2021/4/27,37.93,38.18,37.630001,37.73,37.529259,85500
2021/4/28,37.790001,38.299999,37.310001,38.23,38.026596,63700
2021/4/29,38.34,38.34,37.59,37.810001,37.608833,53000
2021/4/30,37.630001,37.630001,36.880001,37.18,36.982185,76900
2021/5/3,37.220001,37.880001,37.220001,37.73,37.529259,51300
2021/5/4,37.630001,37.959999,37.349998,37.630001,37.42979,87900
2021/5/5,38.560001,39.330002,38.389999,38.619999,38.414524,86800
2021/5/6,38.619999,38.75,38.09,38.529999,38.325001,56200
2021/5/7,38.5,39.209999,38.439999,38.639999,38.534428,41800
2021/5/10,38.5,38.619999,37.869999,37.869999,37.766529,74500
2021/5/11,37.75,37.75,36.84,37.150002,37.0485,65700
2021/5/12,37.139999,37.369999,36.549999,36.580002,36.480057,58400
2021/5/13,36.5,37.209999,36.5,37.119999,37.018578,31000
2021/5/14,37.77,38.130001,37.290001,38.049999,37.946037,85700
2021/5/17,37.919998,38.41,37.630001,37.93,37.826366,48700
2021/5/18,37.889999,38.290001,37.41,37.439999,37.337704,104100
2021/5/19,37.169998,37.459999,36.709999,37.439999,37.337704,69900
2021/5/20,37.57,38.209999,37.380001,37.950001,37.846313,62400
2021/5/21,38.139999,38.43,38.029999,38.25,38.145493,55300
2021/5/24,38.34,38.610001,38.18,38.25,38.145493,56400
2021/5/25,38.23,38.419998,37.220001,37.23,37.128281,68800
2021/5/26,37.23,37.700001,37.099998,37.490002,37.387569,60200
2021/5/27,37.970001,38.59,37.93,38.259998,38.155464,125700
2021/5/28,38.48,38.48,37.900002,38.360001,38.255192,44000
2021/6/1,38.599998,39.130001,38.389999,38.779999,38.674042,65500
2021/6/2,39,39,38.02,38.080002,37.97596,47600
2021/6/3,37.880001,37.880001,37.360001,37.75,37.646858,69700
2021/6/4,37.779999,38.240002,37.48,38.040001,37.936066,71300
2021/6/7,38.040001,38.66,38.009998,38.470001,38.364891,52000
2021/6/8,38.59,39.02,38.43,38.720001,38.614208,58900
2021/6/9,39.580002,39.650002,38.580002,38.720001,38.614208,134900
2021/6/10,38.540001,38.57,37.82,37.82,37.716667,84600
2021/6/11,37.810001,38.790001,37.77,38.240002,38.135521,117600
2021/6/14,38.27,38.689999,37.700001,37.740002,37.636887,65600
2021/6/15,37.970001,38.549999,37.740002,38.209999,38.105602,61700
2021/6/16,37.959999,38.450001,37.959999,38.119999,38.015846,90600
2021/6/17,38.099998,38.41,37.540001,37.68,37.577049,68300
2021/6/18,37.23,37.25,36.77,37,36.898907,139600
2021/6/21,37.34,37.48,36.91,37.400002,37.297817,77200
2021/6/22,37.25,37.57,36.830002,36.889999,36.789207,110000
2021/6/23,37.009998,37.009998,36.369999,36.48,36.380329,129000
2021/6/24,36.619999,37.41,36.419998,37.310001,37.208061,57400
2021/6/25,37.150002,37.619999,36.799999,36.799999,36.699455,345800
2021/6/28,36.669998,36.91,36.049999,36.869999,36.76926,114700
2021/6/29,36.84,37.240002,36.709999,36.779999,36.679508,96500
2021/6/30,36.599998,37.369999,36.529999,36.970001,36.868992,79700
2021/7/1,37.07,37.27,36.5,36.57,36.470081,133400
2021/7/2,36.799999,36.799999,36.25,36.619999,36.519943,65300
2021/7/6,36.75,36.75,35.639999,35.779999,35.68224,53700
2021/7/7,35.700001,35.830002,35.189999,35.299999,35.203552,85700
2021/7/8,34.66,35.220001,34.169998,34.610001,34.515438,76200
2021/7/9,34.950001,35.130001,34.700001,34.830002,34.73484,43200
2021/7/12,34.720001,35.939999,34.630001,35.75,35.652325,114500
2021/7/13,35.43,35.720001,35.049999,35.330002,35.233471,48600
2021/7/14,35.560001,35.560001,35.07,35.18,35.083881,104900
2021/7/15,34.900002,35.599998,34.799999,35.240002,35.143719,82900
2021/7/16,35.529999,35.689999,34.98,34.98,34.884426,41000
2021/7/19,34.509998,35.139999,34.099998,35.080002,34.984154,109400
2021/7/20,35.369999,36.369999,35.169998,35.900002,35.801914,78400
2021/7/21,36.259998,36.639999,35.849998,35.950001,35.851776,87100
2021/7/22,35.84,35.84,35.360001,35.5,35.403008,29600
2021/7/23,35.73,35.939999,35.240002,35.84,35.742077,36700
2021/7/26,36.049999,36.580002,36.049999,36.540001,36.440166,102600
2021/7/27,36.25,36.540001,35.889999,36.5,36.400272,46400
2021/7/28,36.919998,37.18,35.18,36.25,36.150959,121900
2021/7/29,36.700001,37.860001,36.509998,37.150002,37.0485,116700
2021/7/30,36.869999,37.5,36.830002,37.18,37.078415,87700
2021/8/2,37.490002,37.689999,36.630001,36.73,36.629646,63000
2021/8/3,36.860001,37.209999,36.389999,36.990002,36.888935,88500
2021/8/4,36.880001,37.310001,36.650002,36.93,36.829098,64100
2021/8/5,37.060001,37.200001,36.580002,36.599998,36.5,55400
2021/8/6,36.77,37.330002,36.73,37.009998,37.009998,69100
2021/8/9,37.040001,37.470001,36.759998,37.259998,37.259998,54100
2021/8/10,37.27,37.990002,37.27,37.919998,37.919998,76000
2021/8/11,38.049999,38.759998,37.810001,38.700001,38.700001,66700
2021/8/12,38.91,39.880001,38.860001,39.48,39.48,262500
2021/8/13,39.450001,39.919998,38.669998,38.869999,38.869999,108100
2021/8/16,38.830002,40.02,38.830002,39.48,39.48,106100
2021/8/17,39.400002,39.68,38.75,38.939999,38.939999,118200
2021/8/18,38.860001,40.830002,38.709999,39.470001,39.470001,125600
2021/8/19,39.369999,39.59,39.09,39.299999,39.299999,102200
2021/8/20,39.27,40.169998,39.080002,40.110001,40.110001,181300
2021/8/23,40.259998,41.709999,40.200001,41.330002,41.330002,115000
2021/8/24,41.299999,42.580002,41.299999,42.369999,42.369999,152900
2021/8/25,42.529999,44.119999,42.529999,43.540001,43.540001,167400
2021/8/26,43.540001,45.59,43.540001,44.779999,44.779999,261500
2021/8/27,44.84,45.889999,44.84,45.400002,45.400002,208600
2021/8/30,45.669998,45.830002,45.099998,45.290001,45.290001,230000
2021/8/31,45.200001,46.5,44.889999,46.23,46.23,179500
2021/9/1,46.169998,47.68,45.939999,47.200001,47.200001,211500
2021/9/2,47.639999,48.610001,47.580002,48.18,48.18,206100
2021/9/3,48.450001,48.52,47.5,48.23,48.23,139700
2021/9/7,48.029999,48.080002,46.290001,46.709999,46.709999,136700
2021/9/8,46.470001,47.139999,46.400002,46.610001,46.610001,126500
2021/9/9,46.639999,47.84,46.299999,46.299999,46.299999,174400
2021/9/10,46.369999,46.439999,45.77,46.099998,46.099998,109500
2021/9/13,46.099998,46.23,45.299999,45.580002,45.580002,148000
2021/9/14,45.5,45.529999,45.009998,45.169998,45.169998,164700
2021/9/15,45.02,45.700001,45.02,45.27,45.27,136000
2021/9/16,45.700001,46.18,45.59,46,46,171900
2021/9/17,46.119999,46.200001,45.450001,45.759998,45.759998,281500
2021/9/20,44.970001,45.959999,44.630001,44.91,44.91,216900
2021/9/21,45,45.25,42.560001,42.650002,42.650002,256600
2021/9/22,42.860001,43.959999,42.450001,43.419998,43.419998,180600
2021/9/23,43.599998,44.169998,43.5,43.900002,43.900002,168400
2021/9/24,43.759998,44.720001,43.5,44.200001,44.200001,144300
2021/9/27,44.25,45.330002,44.25,44.950001,44.950001,151900
2021/9/28,45.040001,45.290001,44.41,44.470001,44.470001,128000
2021/9/29,44.599998,45.07,44.130001,44.779999,44.779999,179700
2021/9/30,44.98,45.860001,44.48,44.59,44.59,168800
2021/10/1,44.91,45.41,44.290001,45.16,45.16,84500
2021/10/4,45.150002,45.150002,44.450001,44.639999,44.639999,75200
2021/10/5,44.669998,45.549999,43.869999,45.02,45.02,131900
2021/10/6,44.529999,45.310001,44.150002,45.169998,45.169998,69500
2021/10/7,45.389999,45.959999,45.279999,45.669998,45.669998,46300
2021/10/8,45.73,45.970001,45.400002,45.66,45.66,32100
2021/10/11,45.66,46.150002,45.389999,45.57,45.57,32200
2021/10/12,45.779999,46.049999,45.209999,45.619999,45.619999,143900
2021/10/13,45.810001,45.919998,45.169998,45.25,45.25,27900
2021/10/14,45.560001,45.98,44.849998,44.950001,44.950001,81000
2021/10/15,45.610001,45.630001,44.16,44.16,44.16,110500
2021/10/18,44.150002,45.310001,44,45.02,45.02,111100
2021/10/19,45.279999,45.279999,44.049999,44.150002,44.150002,43200
2021/10/20,43.950001,44.630001,43.810001,43.990002,43.990002,39600
2021/10/21,44.150002,44.540001,44.080002,44.240002,44.240002,91100
2021/10/22,44.400002,44.880001,43.91,44.23,44.23,110900
2021/10/25,44.540001,44.959999,43.380001,43.970001,43.970001,105300
